{
  "project_info": {
    "project_number": "1035964403985",
    "project_id": "lojavirtual-9da7d",
    "storage_bucket": "lojavirtual-9da7d.appspot.com"
  },
  "client": [
    {
      "client_info": {
        "mobilesdk_app_id": "1:1035964403985:android:8f18b9d75b6831de77fcb0",
        "android_client_info": {
          "package_name": "br.com.mendes.lojavirtual"
        }
      },
      "oauth_client": [
        {
          "client_id": "1035964403985-h8rplr3uifrb6unuoi08l4hsk8ebqg18.apps.googleusercontent.com",
          "client_type": 3
        }
      ],
      "api_key": [
        {
          "current_key": "AIzaSyB9o6fh4mP5eV11LYBQ4tp2ltJ0R3dQyh8"
        }
      ],
      "services": {
        "appinvite_service": {
          "other_platform_oauth_client": [
            {
              "client_id": "1035964403985-h8rplr3uifrb6unuoi08l4hsk8ebqg18.apps.googleusercontent.com",
              "client_type": 3
            }
          ]
        }
      }
    }
  ],
  "configuration_version": "1"
}